{"cameraMode":{"drawMode":0,"name":"Shaded","section":"Shading Mode"},"sceneLighting":false,"audioPlay":false,"sceneViewState":{"m_AlwaysRefresh":true,"showFog":true,"showSkybox":false,"showFlares":true,"showImageEffects":true,"showParticleSystems":true,"showVisualEffectGraphs":true,"m_FxEnabled":true},"in2DMode":false,"pivot":{"x":3.0624806880950929,"y":10.926876068115235,"z":22.62325096130371},"rotation":{"x":0.15225183963775636,"y":0.006277945823967457,"z":-0.000683606427628547,"w":0.9885779023170471},"size":8.660256385803223,"orthographic":false}