{"cameraMode":{"drawMode":0,"name":"Shaded","section":"Shading Mode"},"sceneLighting":false,"audioPlay":false,"sceneViewState":{"m_AlwaysRefresh":true,"showFog":true,"showSkybox":false,"showFlares":true,"showImageEffects":true,"showParticleSystems":true,"showVisualEffectGraphs":true,"m_FxEnabled":true},"in2DMode":false,"pivot":{"x":384.96697998046877,"y":126.01663970947266,"z":27.714191436767579},"rotation":{"x":0.10757879167795181,"y":-0.034367382526397708,"z":0.0053780050948262218,"w":0.9945078492164612},"size":307.7181396484375,"orthographic":false}